Entidad federativa,Deciles de hogares 1,Periodo,Porcentaje de personas con discapacidad con acceso a servicios de salud,Personas con discapacidad usuarias de algún servicio médico,Personas con discapacidad
Estados Unidos Mexicanos,Total,2010,71.93,4383035,6093779
Estados Unidos Mexicanos,I ,2010,48.73,480012,985133
Estados Unidos Mexicanos,II ,2010,63.45,532816,839744
Estados Unidos Mexicanos,III,2010,66.95,487317,727859
Estados Unidos Mexicanos,IV,2010,67.83,406950,599973
Estados Unidos Mexicanos,V,2010,82.01,448988,547493
Estados Unidos Mexicanos,VI,2010,83.36,491256,589284
Estados Unidos Mexicanos,VII,2010,78.09,379042,485363
Estados Unidos Mexicanos,VIII,2010,82.63,381974,462243
Estados Unidos Mexicanos,IX,2010,89.77,400452,446101
Estados Unidos Mexicanos,X,2010,91.14,374228,410586
Estados Unidos Mexicanos,Total,2012,58.63,4660946,7949173
Estados Unidos Mexicanos,I ,2012,34.43,467221,1357203
Estados Unidos Mexicanos,II ,2012,48.61,528032,1086288
Estados Unidos Mexicanos,III,2012,49.59,488166,984475
Estados Unidos Mexicanos,IV,2012,56.75,499098,879488
Estados Unidos Mexicanos,V,2012,64.62,434648,672601
Estados Unidos Mexicanos,VI,2012,70.19,491445,700136
Estados Unidos Mexicanos,VII,2012,69.29,427872,617522
Estados Unidos Mexicanos,VIII,2012,72.01,390904,542820
Estados Unidos Mexicanos,IX,2012,81.1,552029,680687
Estados Unidos Mexicanos,X,2012,89.15,381531,427953
Estados Unidos Mexicanos,Total,2014,59.12,4884900,8263281
Estados Unidos Mexicanos,I ,2014,38.36,504574,1315383
Estados Unidos Mexicanos,II ,2014,43.19,485558,1124171
Estados Unidos Mexicanos,III,2014,53.45,588846,1101583
Estados Unidos Mexicanos,IV,2014,57.96,476889,822853
Estados Unidos Mexicanos,V,2014,58.97,454538,770775
Estados Unidos Mexicanos,VI,2014,67.98,538931,792792
Estados Unidos Mexicanos,VII,2014,72.41,498373,688252
Estados Unidos Mexicanos,VIII,2014,76.67,499150,651017
Estados Unidos Mexicanos,IX,2014,80.21,403243,502735
Estados Unidos Mexicanos,X,2014,88.07,434798,493720
Estados Unidos Mexicanos,Total,2016,58.4,5242065,8975850
Estados Unidos Mexicanos,I ,2016,34.34,544055,1584265
Estados Unidos Mexicanos,II ,2016,44.21,521566,1179860
Estados Unidos Mexicanos,III,2016,54.06,550788,1018910
Estados Unidos Mexicanos,IV,2016,55.83,509833,913168
Estados Unidos Mexicanos,V,2016,64.77,540269,834083
Estados Unidos Mexicanos,VI,2016,66.9,529352,791231
Estados Unidos Mexicanos,VII,2016,74.3,564407,759605
Estados Unidos Mexicanos,VIII,2016,70.52,489116,693552
Estados Unidos Mexicanos,IX,2016,78.09,501615,642319
Estados Unidos Mexicanos,X,2016,87.87,491064,558857
Aguascalientes,Total,2010,83.37,39193,47013
Aguascalientes,I ,2010,100,2501,2501
Aguascalientes,II ,2010,74.74,7576,10137
Aguascalientes,III,2010,100,1478,1478
Aguascalientes,IV,2010,78.63,6088,7743
Aguascalientes,V,2010,100,1916,1916
Aguascalientes,VI,2010,69.66,6302,9047
Aguascalientes,VII,2010,91.59,5666,6186
Aguascalientes,VIII,2010,82.63,1613,1952
Aguascalientes,IX,2010,100,3432,3432
Aguascalientes,X,2010,100,2621,2621
Aguascalientes,Total,2012,78.57,32532,41407
Aguascalientes,I ,2012,45.88,1577,3437
Aguascalientes,II ,2012,96.69,14946,15457
Aguascalientes,III,2012,57.77,3224,5581
Aguascalientes,IV,2012,29.5,1207,4091
Aguascalientes,V,2012,77.51,1761,2272
Aguascalientes,VI,2012,100,2857,2857
Aguascalientes,VII,2012,100,1578,1578
Aguascalientes,VIII,2012,100,4240,4240
Aguascalientes,IX,2012,SD,0,752
Aguascalientes,X,2012,100,1142,1142
Aguascalientes,Total,2014,64.27,34348,53440
Aguascalientes,I ,2014,57.15,5348,9358
Aguascalientes,II ,2014,48.78,5115,10486
Aguascalientes,III,2014,28.4,1152,4057
Aguascalientes,IV,2014,83.52,2579,3088
Aguascalientes,V,2014,100,3065,3065
Aguascalientes,VI,2014,51.2,3615,7061
Aguascalientes,VII,2014,71.97,2899,4028
Aguascalientes,VIII,2014,74.56,3520,4721
Aguascalientes,IX,2014,85.14,2985,3506
Aguascalientes,X,2014,100,4070,4070
Aguascalientes,Total,2016,66.71,61062,91540
Aguascalientes,I ,2016,51.76,9828,18988
Aguascalientes,II ,2016,61.74,7360,11920
Aguascalientes,III,2016,68.15,6018,8831
Aguascalientes,IV,2016,68.86,6533,9488
Aguascalientes,V,2016,67.13,5881,8761
Aguascalientes,VI,2016,73.47,5726,7794
Aguascalientes,VII,2016,59.91,4313,7199
Aguascalientes,VIII,2016,81.17,6466,7966
Aguascalientes,IX,2016,88.03,4787,5438
Aguascalientes,X,2016,80.5,4150,5155
Baja California,Total,2010,77.05,125441,162804
Baja California,I ,2010,62.53,15607,24961
Baja California,II ,2010,37.01,7798,21069
Baja California,III,2010,73.23,6101,8331
Baja California,IV,2010,76.01,19897,26178
Baja California,V,2010,91.72,17968,19590
Baja California,VI,2010,100,8660,8660
Baja California,VII,2010,71.83,7745,10782
Baja California,VIII,2010,100,18038,18038
Baja California,IX,2010,87.52,10998,12566
Baja California,X,2010,100,12629,12629
Baja California,Total,2012,59.76,137668,230381
Baja California,I ,2012,39.51,17665,44712
Baja California,II ,2012,30.86,3030,9820
Baja California,III,2012,25.11,10547,42007
Baja California,IV,2012,76.11,19875,26113
Baja California,V,2012,25.56,4154,16251
Baja California,VI,2012,SD,0,0
Baja California,VII,2012,82.85,17697,21360
Baja California,VIII,2012,89.26,45034,50452
Baja California,IX,2012,100,10537,10537
Baja California,X,2012,100,9129,9129
Baja California,Total,2014,73.68,120425,163447
Baja California,I ,2014,65.91,20920,31742
Baja California,II ,2014,87.42,16722,19129
Baja California,III,2014,81.11,17500,21575
Baja California,IV,2014,69.67,12464,17890
Baja California,V,2014,93.71,10861,11590
Baja California,VI,2014,33.8,3198,9462
Baja California,VII,2014,63.29,11672,18443
Baja California,VIII,2014,73.38,9456,12886
Baja California,IX,2014,75.38,9484,12582
Baja California,X,2014,100,8148,8148
Baja California,Total,2016,74.09,138975,187578
Baja California,I ,2016,64.5,23820,36931
Baja California,II ,2016,70.63,18472,26155
Baja California,III,2016,67,18662,27854
Baja California,IV,2016,75.77,12067,15925
Baja California,V,2016,57.18,10427,18235
Baja California,VI,2016,87.61,12763,14568
Baja California,VII,2016,79.02,10627,13449
Baja California,VIII,2016,99.03,9965,10063
Baja California,IX,2016,91.46,15284,16711
Baja California,X,2016,89.61,6888,7687
Baja California Sur,Total,2010,72.19,24119,33410
Baja California Sur,I ,2010,38.55,2007,5206
Baja California Sur,II ,2010,41.62,2016,4844
Baja California Sur,III,2010,100,3858,3858
Baja California Sur,IV,2010,100,3798,3798
Baja California Sur,V,2010,100,1429,1429
Baja California Sur,VI,2010,100,1745,1745
Baja California Sur,VII,2010,74.61,2503,3355
Baja California Sur,VIII,2010,70.51,3306,4689
Baja California Sur,IX,2010,100,1299,1299
Baja California Sur,X,2010,67.71,2158,3187
Baja California Sur,Total,2012,62.98,29073,46159
Baja California Sur,I ,2012,66.37,8397,12652
Baja California Sur,II ,2012,6.33,253,3999
Baja California Sur,III,2012,58.12,2605,4482
Baja California Sur,IV,2012,71.11,4418,6213
Baja California Sur,V,2012,57.81,2373,4105
Baja California Sur,VI,2012,48.2,1619,3359
Baja California Sur,VII,2012,74.89,2443,3262
Baja California Sur,VIII,2012,65.68,2147,3269
Baja California Sur,IX,2012,100,3228,3228
Baja California Sur,X,2012,100,1590,1590
Baja California Sur,Total,2014,77.63,25791,33225
Baja California Sur,I ,2014,42.21,2540,6017
Baja California Sur,II ,2014,80.71,2719,3369
Baja California Sur,III,2014,56.72,2080,3667
Baja California Sur,IV,2014,82.66,2222,2688
Baja California Sur,V,2014,100,4517,4517
Baja California Sur,VI,2014,100,1782,1782
Baja California Sur,VII,2014,90.69,3137,3459
Baja California Sur,VIII,2014,100,2482,2482
Baja California Sur,IX,2014,82.85,2251,2717
Baja California Sur,X,2014,81.56,2061,2527
Baja California Sur,Total,2016,73.47,34354,46757
Baja California Sur,I ,2016,57.2,5860,10245
Baja California Sur,II ,2016,71.79,4132,5756
Baja California Sur,III,2016,63.61,2180,3427
Baja California Sur,IV,2016,67.62,2731,4039
Baja California Sur,V,2016,88.68,4185,4719
Baja California Sur,VI,2016,68.54,3406,4969
Baja California Sur,VII,2016,87.47,3177,3632
Baja California Sur,VIII,2016,93.95,3197,3403
Baja California Sur,IX,2016,87.02,3454,3969
Baja California Sur,X,2016,78.21,2032,2598
Campeche,Total,2010,49.74,19810,39827
Campeche,I ,2010,14.55,1236,8494
Campeche,II ,2010,39.41,2068,5248
Campeche,III,2010,37.16,2148,5780
Campeche,IV,2010,64.43,1431,2221
Campeche,V,2010,58.27,2985,5123
Campeche,VI,2010,76.94,3189,4145
Campeche,VII,2010,69.6,4258,6118
Campeche,VIII,2010,86.65,1318,1521
Campeche,IX,2010,100,818,818
Campeche,X,2010,100,359,359
Campeche,Total,2012,53.66,34558,64405
Campeche,I ,2012,33.27,4846,14566
Campeche,II ,2012,24.25,1714,7068
Campeche,III,2012,26.64,2854,10714
Campeche,IV,2012,78.01,2011,2578
Campeche,V,2012,63.5,5655,8906
Campeche,VI,2012,39.2,1002,2556
Campeche,VII,2012,88.19,7296,8273
Campeche,VIII,2012,91.39,5983,6547
Campeche,IX,2012,100,2806,2806
Campeche,X,2012,100,391,391
Campeche,Total,2014,42.4,22602,53308
Campeche,I ,2014,29.91,2503,8368
Campeche,II ,2014,19.75,1285,6507
Campeche,III,2014,33.22,2147,6463
Campeche,IV,2014,55.89,2806,5021
Campeche,V,2014,49.26,2878,5842
Campeche,VI,2014,29.54,1562,5288
Campeche,VII,2014,70.61,3703,5244
Campeche,VIII,2014,80.26,3339,4160
Campeche,IX,2014,39.14,1496,3822
Campeche,X,2014,34.05,883,2593
Campeche,Total,2016,48.39,35301,72954
Campeche,I ,2016,24.01,3204,13344
Campeche,II ,2016,37.17,4147,11157
Campeche,III,2016,43.75,3713,8486
Campeche,IV,2016,46.96,3361,7157
Campeche,V,2016,43.78,2936,6707
Campeche,VI,2016,58.5,3083,5270
Campeche,VII,2016,60.64,3316,5468
Campeche,VIII,2016,67.55,3659,5417
Campeche,IX,2016,70.13,4036,5755
Campeche,X,2016,91.72,3846,4193
Coahuila de Zaragoza,Total,2010,97.07,179838,185257
Coahuila de Zaragoza,I ,2010,92.36,39757,43047
Coahuila de Zaragoza,II ,2010,97.69,21851,22367
Coahuila de Zaragoza,III,2010,98.62,39514,40065
Coahuila de Zaragoza,IV,2010,100,16089,16089
Coahuila de Zaragoza,V,2010,100,10763,10763
Coahuila de Zaragoza,VI,2010,100,12421,12421
Coahuila de Zaragoza,VII,2010,100,11677,11677
Coahuila de Zaragoza,VIII,2010,98.66,14481,14678
Coahuila de Zaragoza,IX,2010,92.06,10033,10898
Coahuila de Zaragoza,X,2010,100,3252,3252
Coahuila de Zaragoza,Total,2012,85.6,178303,208290
Coahuila de Zaragoza,I ,2012,91.38,56991,62368
Coahuila de Zaragoza,II ,2012,100,10680,10680
Coahuila de Zaragoza,III,2012,75.14,24582,32714
Coahuila de Zaragoza,IV,2012,70.46,7069,10033
Coahuila de Zaragoza,V,2012,81.03,22563,27845
Coahuila de Zaragoza,VI,2012,100,18854,18854
Coahuila de Zaragoza,VII,2012,SD,0,0
Coahuila de Zaragoza,VIII,2012,84.63,13006,15368
Coahuila de Zaragoza,IX,2012,100,8690,8690
Coahuila de Zaragoza,X,2012,73,15868,21738
Coahuila de Zaragoza,Total,2014,86.43,214427,248083
Coahuila de Zaragoza,I ,2014,75.55,39348,52082
Coahuila de Zaragoza,II ,2014,100,19581,19581
Coahuila de Zaragoza,III,2014,70.93,24262,34205
Coahuila de Zaragoza,IV,2014,93.64,20299,21678
Coahuila de Zaragoza,V,2014,96.76,30749,31777
Coahuila de Zaragoza,VI,2014,92.16,17627,19126
Coahuila de Zaragoza,VII,2014,89.63,24363,27181
Coahuila de Zaragoza,VIII,2014,100,17817,17817
Coahuila de Zaragoza,IX,2014,78.91,10756,13631
Coahuila de Zaragoza,X,2014,87.46,9625,11005
Coahuila de Zaragoza,Total,2016,85.03,195051,229387
Coahuila de Zaragoza,I ,2016,74.5,34209,45916
Coahuila de Zaragoza,II ,2016,81.86,28341,34623
Coahuila de Zaragoza,III,2016,87.19,20828,23888
Coahuila de Zaragoza,IV,2016,87.5,17842,20392
Coahuila de Zaragoza,V,2016,88.66,17438,19668
Coahuila de Zaragoza,VI,2016,85.6,14637,17099
Coahuila de Zaragoza,VII,2016,89.1,15580,17485
Coahuila de Zaragoza,VIII,2016,89.27,15244,17076
Coahuila de Zaragoza,IX,2016,92.78,15909,17147
Coahuila de Zaragoza,X,2016,93.35,15023,16093
Colima,Total,2010,59.53,19949,33513
Colima,I ,2010,50.79,4689,9233
Colima,II ,2010,30.38,1830,6023
Colima,III,2010,44.77,770,1720
Colima,IV,2010,90.65,2260,2493
Colima,V,2010,41.54,1026,2470
Colima,VI,2010,38.34,722,1883
Colima,VII,2010,47.36,467,986
Colima,VIII,2010,81.4,2275,2795
Colima,IX,2010,100,4027,4027
Colima,X,2010,100,1883,1883
Colima,Total,2012,60.78,17792,29274
Colima,I ,2012,39.5,1033,2615
Colima,II ,2012,88.85,5647,6356
Colima,III,2012,90.93,3368,3704
Colima,IV,2012,28.8,373,1295
Colima,V,2012,43.77,2095,4786
Colima,VI,2012,42.23,2610,6181
Colima,VII,2012,SD,0,0
Colima,VIII,2012,SD,0,935
Colima,IX,2012,SD,0,736
Colima,X,2012,100,2666,2666
Colima,Total,2014,49.56,25593,51642
Colima,I ,2014,43.14,5412,12545
Colima,II ,2014,46.6,2498,5360
Colima,III,2014,56.78,2323,4091
Colima,IV,2014,36.31,2203,6067
Colima,V,2014,41.26,2779,6736
Colima,VI,2014,21.93,914,4168
Colima,VII,2014,60.13,3234,5378
Colima,VIII,2014,69.12,1446,2092
Colima,IX,2014,86.11,2611,3032
Colima,X,2014,100,2173,2173
Colima,Total,2016,57.52,31066,54012
Colima,I ,2016,38.52,4603,11951
Colima,II ,2016,43.63,2750,6303
Colima,III,2016,47.86,2439,5096
Colima,IV,2016,58.48,2327,3979
Colima,V,2016,67.8,4224,6230
Colima,VI,2016,77.56,3644,4698
Colima,VII,2016,63.81,2701,4233
Colima,VIII,2016,50.43,2261,4483
Colima,IX,2016,80.52,2529,3141
Colima,X,2016,92.05,3588,3898
Chiapas,Total,2010,56.47,114119,202070
Chiapas,I ,2010,46.74,9784,20933
Chiapas,II ,2010,32.85,5213,15871
Chiapas,III,2010,44.13,9064,20540
Chiapas,IV,2010,37.49,7651,20406
Chiapas,V,2010,55.45,13394,24157
Chiapas,VI,2010,62.57,16804,26857
Chiapas,VII,2010,71.34,18423,25826
Chiapas,VIII,2010,54.61,9015,16508
Chiapas,IX,2010,69.85,11993,17170
Chiapas,X,2010,92.58,12778,13802
Chiapas,Total,2012,34.7,113957,328385
Chiapas,I ,2012,SD,0,28103
Chiapas,II ,2012,49.97,16517,33057
Chiapas,III,2012,18.49,8290,44830
Chiapas,IV,2012,49.5,17568,35488
Chiapas,V,2012,42.06,16314,38792
Chiapas,VI,2012,8.74,3036,34720
Chiapas,VII,2012,40.43,19021,47052
Chiapas,VIII,2012,43.31,16669,38489
Chiapas,IX,2012,74.12,16542,22317
Chiapas,X,2012,SD,0,5537
Chiapas,Total,2014,38.92,129411,332522
Chiapas,I ,2014,24.77,6966,28124
Chiapas,II ,2014,21.86,6151,28143
Chiapas,III,2014,5.6,2189,39117
Chiapas,IV,2014,34.13,8158,23906
Chiapas,V,2014,25.85,9537,36890
Chiapas,VI,2014,15.26,7060,46274
Chiapas,VII,2014,79.45,37359,47021
Chiapas,VIII,2014,60.92,12219,20058
Chiapas,IX,2014,51.15,19766,38643
Chiapas,X,2014,82.17,20006,24346
Chiapas,Total,2016,40.23,102396,254495
Chiapas,I ,2016,26.58,9072,34126
Chiapas,II ,2016,33.17,8342,25147
Chiapas,III,2016,36.41,9569,26279
Chiapas,IV,2016,29.97,10193,34009
Chiapas,V,2016,34.58,7475,21616
Chiapas,VI,2016,48.41,12700,26235
Chiapas,VII,2016,50.41,15654,31051
Chiapas,VIII,2016,38.68,8482,21926
Chiapas,IX,2016,66.94,13193,19709
Chiapas,X,2016,53.59,7716,14397
Chihuahua,Total,2010,79.96,154095,192704
Chihuahua,I ,2010,42.64,15985,37491
Chihuahua,II ,2010,93.46,33471,35815
Chihuahua,III,2010,82.15,14159,17236
Chihuahua,IV,2010,87.38,11601,13276
Chihuahua,V,2010,82.86,9429,11380
Chihuahua,VI,2010,80.81,16876,20884
Chihuahua,VII,2010,95.19,15787,16585
Chihuahua,VIII,2010,78.46,11841,15091
Chihuahua,IX,2010,100,4742,4742
Chihuahua,X,2010,100,20204,20204
Chihuahua,Total,2012,85.2,162175,190347
Chihuahua,I ,2012,61.04,17934,29379
Chihuahua,II ,2012,72.88,20823,28571
Chihuahua,III,2012,100,7980,7980
Chihuahua,IV,2012,100,19065,19065
Chihuahua,V,2012,100,2730,2730
Chihuahua,VI,2012,88.24,31634,35849
Chihuahua,VII,2012,76.77,15744,20508
Chihuahua,VIII,2012,100,8430,8430
Chihuahua,IX,2012,100,27990,27990
Chihuahua,X,2012,100,9845,9845
Chihuahua,Total,2014,71.86,223045,310395
Chihuahua,I ,2014,49.98,24115,48249
Chihuahua,II ,2014,59.63,25943,43508
Chihuahua,III,2014,73.32,39415,53758
Chihuahua,IV,2014,90.64,23621,26060
Chihuahua,V,2014,66.54,33229,49940
Chihuahua,VI,2014,81.85,30773,37598
Chihuahua,VII,2014,89.04,15579,17496
Chihuahua,VIII,2014,88.68,15522,17503
Chihuahua,IX,2014,86.62,9288,10723
Chihuahua,X,2014,100,5560,5560
Chihuahua,Total,2016,65.91,192451,291990
Chihuahua,I ,2016,50.05,38139,76196
Chihuahua,II ,2016,64.7,26403,40806
Chihuahua,III,2016,64.41,20941,32512
Chihuahua,IV,2016,58.7,15545,26481
Chihuahua,V,2016,71.74,22568,31457
Chihuahua,VI,2016,79.56,15163,19059
Chihuahua,VII,2016,73.88,14770,19993
Chihuahua,VIII,2016,78.11,14487,18548
Chihuahua,IX,2016,86.92,9423,10841
Chihuahua,X,2016,93.26,15012,16097
Ciudad de México,Total,2010,83.31,360967,433278
Ciudad de México,I ,2010,71.08,55371,77901
Ciudad de México,II ,2010,86,39208,45593
Ciudad de México,III,2010,80.58,37793,46899
Ciudad de México,IV,2010,87.7,38506,43909
Ciudad de México,V,2010,78.59,42897,54586
Ciudad de México,VI,2010,87.01,30993,35622
Ciudad de México,VII,2010,86.34,31300,36254
Ciudad de México,VIII,2010,97.03,32868,33875
Ciudad de México,IX,2010,86.78,30187,34784
Ciudad de México,X,2010,91.57,21844,23855
Ciudad de México,Total,2012,71.84,427752,595435
Ciudad de México,I ,2012,71.52,112597,157435
Ciudad de México,II ,2012,45.27,33241,73429
Ciudad de México,III,2012,79.43,55791,70235
Ciudad de México,IV,2012,77.9,28943,37153
Ciudad de México,V,2012,63.59,24482,38497
Ciudad de México,VI,2012,82.38,38927,47252
Ciudad de México,VII,2012,100,72290,72290
Ciudad de México,VIII,2012,35.13,20400,58063
Ciudad de México,IX,2012,100,20644,20644
Ciudad de México,X,2012,100,20437,20437
Ciudad de México,Total,2014,78.64,506914,644570
Ciudad de México,I ,2014,50.47,59690,118277
Ciudad de México,II ,2014,70.28,39577,56313
Ciudad de México,III,2014,92.66,34416,37141
Ciudad de México,IV,2014,84.03,81190,96619
Ciudad de México,V,2014,81.1,71255,87859
Ciudad de México,VI,2014,78.42,51385,65526
Ciudad de México,VII,2014,93.89,54518,58063
Ciudad de México,VIII,2014,80.72,29024,35955
Ciudad de México,IX,2014,93.56,42992,45950
Ciudad de México,X,2014,100,42867,42867
Ciudad de México,Total,2016,75.86,406481,535817
Ciudad de México,I ,2016,53.61,41876,78115
Ciudad de México,II ,2016,78.14,46842,59943
Ciudad de México,III,2016,72.29,52883,73155
Ciudad de México,IV,2016,60.46,28231,46697
Ciudad de México,V,2016,81.7,45442,55619
Ciudad de México,VI,2016,74.79,36074,48236
Ciudad de México,VII,2016,79.71,39715,49827
Ciudad de México,VIII,2016,95.59,32951,34470
Ciudad de México,IX,2016,89.26,47846,53603
Ciudad de México,X,2016,95.77,34621,36152
Durango,Total,2010,80.27,90307,112504
Durango,I ,2010,46.67,7016,15032
Durango,II ,2010,73.72,8722,11831
Durango,III,2010,89.85,14716,16379
Durango,IV,2010,69.8,13718,19652
Durango,V,2010,87.95,6674,7588
Durango,VI,2010,100,7155,7155
Durango,VII,2010,94.94,13891,14632
Durango,VIII,2010,89.99,12223,13582
Durango,IX,2010,82.48,2171,2632
Durango,X,2010,100,4021,4021
Durango,Total,2012,69.64,106446,152853
Durango,I ,2012,56.31,10434,18530
Durango,II ,2012,38.58,9121,23639
Durango,III,2012,49.5,5966,12052
Durango,IV,2012,100,18962,18962
Durango,V,2012,26.8,2151,8027
Durango,VI,2012,68.61,9522,13878
Durango,VII,2012,100,12622,12622
Durango,VIII,2012,31.83,3491,10966
Durango,IX,2012,100,14773,14773
Durango,X,2012,100,19404,19404
Durango,Total,2014,57.84,65472,113188
Durango,I ,2014,47.1,11937,25343
Durango,II ,2014,39.41,5332,13529
Durango,III,2014,45.42,4047,8911
Durango,IV,2014,50.39,4609,9147
Durango,V,2014,76.15,6354,8344
Durango,VI,2014,67.13,5667,8442
Durango,VII,2014,83.81,12122,14464
Durango,VIII,2014,74.22,7037,9481
Durango,IX,2014,47.99,4470,9314
Durango,X,2014,62.72,3897,6213
Durango,Total,2016,64.48,105828,164131
Durango,I ,2016,49.47,17497,35372
Durango,II ,2016,50.77,10380,20444
Durango,III,2016,62.13,11956,19245
Durango,IV,2016,70.84,12335,17413
Durango,V,2016,65.81,9670,14693
Durango,VI,2016,68.24,9215,13504
Durango,VII,2016,75.52,9155,12123
Durango,VIII,2016,63.66,6654,10453
Durango,IX,2016,98.3,7925,8062
Durango,X,2016,86.11,11041,12822
Guanajuato,Total,2010,60.68,172474,284242
Guanajuato,I ,2010,31.26,15951,51031
Guanajuato,II ,2010,34.6,13019,37630
Guanajuato,III,2010,69.41,19273,27767
Guanajuato,IV,2010,48.77,12308,25236
Guanajuato,V,2010,70.31,19808,28171
Guanajuato,VI,2010,76.04,20887,27470
Guanajuato,VII,2010,75,19395,25861
Guanajuato,VIII,2010,89.88,20183,22456
Guanajuato,IX,2010,70.29,14513,20648
Guanajuato,X,2010,95.35,17137,17972
Guanajuato,Total,2012,56.22,229225,407702
Guanajuato,I ,2012,25.43,17198,67635
Guanajuato,II ,2012,52.02,20592,39582
Guanajuato,III,2012,55.15,50968,92425
Guanajuato,IV,2012,72.37,27020,37338
Guanajuato,V,2012,49.37,16174,32761
Guanajuato,VI,2012,86.66,19375,22358
Guanajuato,VII,2012,57.74,14219,24624
Guanajuato,VIII,2012,78.71,13004,16521
Guanajuato,IX,2012,38.3,12162,31755
Guanajuato,X,2012,90.19,38513,42703
Guanajuato,Total,2014,47.29,155499,328797
Guanajuato,I ,2014,16.6,12886,77646
Guanajuato,II ,2014,53.09,34151,64328
Guanajuato,III,2014,70.01,21008,30007
Guanajuato,IV,2014,24.13,5754,23849
Guanajuato,V,2014,48.31,15452,31982
Guanajuato,VI,2014,44.95,8624,19186
Guanajuato,VII,2014,76.83,23182,30173
Guanajuato,VIII,2014,60.69,7815,12877
Guanajuato,IX,2014,70.49,14153,20079
Guanajuato,X,2014,66.81,12474,18670
Guanajuato,Total,2016,51.81,222887,430166
Guanajuato,I ,2016,34.67,33833,97585
Guanajuato,II ,2016,48.23,25804,53498
Guanajuato,III,2016,47.2,24438,51776
Guanajuato,IV,2016,41.15,17049,41430
Guanajuato,V,2016,68.56,20707,30204
Guanajuato,VI,2016,65.81,18663,28360
Guanajuato,VII,2016,65.86,24721,37534
Guanajuato,VIII,2016,48.74,15517,31838
Guanajuato,IX,2016,65.98,21340,32342
Guanajuato,X,2016,81.31,20815,25599
Guerrero,Total,2010,63.32,148168,233999
Guerrero,I ,2010,47.23,8747,18521
Guerrero,II ,2010,53.85,16589,30807
Guerrero,III,2010,58.2,15761,27079
Guerrero,IV,2010,58.93,19230,32633
Guerrero,V,2010,66.02,20860,31598
Guerrero,VI,2010,63.21,13129,20769
Guerrero,VII,2010,54,6530,12092
Guerrero,VIII,2010,73.53,18662,25379
Guerrero,IX,2010,75.16,13642,18151
Guerrero,X,2010,88.5,15018,16970
Guerrero,Total,2012,54.17,141423,261096
Guerrero,I ,2012,46.57,26053,55944
Guerrero,II ,2012,32.99,7122,21588
Guerrero,III,2012,29.64,6470,21826
Guerrero,IV,2012,66.68,9562,14340
Guerrero,V,2012,68.48,17838,26049
Guerrero,VI,2012,21.91,8940,40807
Guerrero,VII,2012,100,3110,3110
Guerrero,VIII,2012,77.88,9330,11980
Guerrero,IX,2012,76.25,25528,33478
Guerrero,X,2012,85.91,27470,31974
Guerrero,Total,2014,51,163256,320095
Guerrero,I ,2014,32.72,17631,53888
Guerrero,II ,2014,46.48,14487,31169
Guerrero,III,2014,39.77,17751,44634
Guerrero,IV,2014,22.65,6596,29117
Guerrero,V,2014,42.57,13771,32347
Guerrero,VI,2014,78.56,10602,13495
Guerrero,VII,2014,69.41,16052,23126
Guerrero,VIII,2014,51.76,24034,46430
Guerrero,IX,2014,92.62,25353,27373
Guerrero,X,2014,91.7,16979,18516
Guerrero,Total,2016,43.16,117413,272029
Guerrero,I ,2016,27.93,8620,30865
Guerrero,II ,2016,24.89,7827,31448
Guerrero,III,2016,33.4,10474,31362
Guerrero,IV,2016,43.21,14320,33142
Guerrero,V,2016,42.2,9780,23177
Guerrero,VI,2016,38.08,9938,26101
Guerrero,VII,2016,30,7600,25331
Guerrero,VIII,2016,68.85,13778,20013
Guerrero,IX,2016,66.34,21757,32798
Guerrero,X,2016,74.86,13319,17792
Hidalgo,Total,2010,64.97,85875,132174
Hidalgo,I ,2010,63.41,11738,18512
Hidalgo,II ,2010,58.83,9563,16256
Hidalgo,III,2010,54.4,10368,19059
Hidalgo,IV,2010,37.88,5226,13798
Hidalgo,V,2010,61.8,9398,15208
Hidalgo,VI,2010,46.65,4041,8663
Hidalgo,VII,2010,100,3145,3145
Hidalgo,VIII,2010,85.16,10906,12807
Hidalgo,IX,2010,73.39,8924,12160
Hidalgo,X,2010,100,12566,12566
Hidalgo,Total,2012,50.58,112612,222623
Hidalgo,I ,2012,25.85,3166,12249
Hidalgo,II ,2012,16.53,3632,21978
Hidalgo,III,2012,7,1872,26730
Hidalgo,IV,2012,53.27,15617,29318
Hidalgo,V,2012,60.42,20669,34210
Hidalgo,VI,2012,76.36,11330,14838
Hidalgo,VII,2012,69.53,23764,34176
Hidalgo,VIII,2012,71.61,12805,17882
Hidalgo,IX,2012,88.5,13503,15257
Hidalgo,X,2012,39.12,6254,15985
Hidalgo,Total,2014,47.7,124755,261515
Hidalgo,I ,2014,27.55,14470,52528
Hidalgo,II ,2014,41.41,10232,24710
Hidalgo,III,2014,25.78,9684,37567
Hidalgo,IV,2014,41.63,10795,25928
Hidalgo,V,2014,59.52,14767,24811
Hidalgo,VI,2014,59.7,15154,25385
Hidalgo,VII,2014,64.1,13237,20651
Hidalgo,VIII,2014,66.86,18252,27298
Hidalgo,IX,2014,42.83,3351,7824
Hidalgo,X,2014,100,14813,14813
Hidalgo,Total,2016,37.01,82566,223118
Hidalgo,I ,2016,16.29,7944,48778
Hidalgo,II ,2016,28.72,8579,29873
Hidalgo,III,2016,41.16,10365,25184
Hidalgo,IV,2016,39.12,6943,17749
Hidalgo,V,2016,46.44,9310,20048
Hidalgo,VI,2016,42.69,6944,16268
Hidalgo,VII,2016,41.67,7794,18704
Hidalgo,VIII,2016,47.28,11388,24087
Hidalgo,IX,2016,46.23,5859,12674
Hidalgo,X,2016,76.28,7440,9753
Jalisco,Total,2010,70.93,389170,548663
Jalisco,I ,2010,52.17,72593,139155
Jalisco,II ,2010,71.56,50228,70192
Jalisco,III,2010,88.92,45306,50951
Jalisco,IV,2010,86.43,65106,75329
Jalisco,V,2010,69.46,28114,40473
Jalisco,VI,2010,73.51,31436,42765
Jalisco,VII,2010,60.38,31274,51796
Jalisco,VIII,2010,92.63,27957,30182
Jalisco,IX,2010,68.06,22722,33386
Jalisco,X,2010,100,14434,14434
Jalisco,Total,2012,61.69,413506,670348
Jalisco,I ,2012,49.76,61841,124272
Jalisco,II ,2012,49.62,68353,137759
Jalisco,III,2012,24.41,18779,76936
Jalisco,IV,2012,93.09,55724,59860
Jalisco,V,2012,88.79,36565,41183
Jalisco,VI,2012,65.11,10344,15886
Jalisco,VII,2012,77.78,71387,91782
Jalisco,VIII,2012,36.16,16450,45494
Jalisco,IX,2012,100,33193,33193
Jalisco,X,2012,92.92,40870,43983
Jalisco,Total,2014,65.13,431955,663231
Jalisco,I ,2014,58.2,79161,136013
Jalisco,II ,2014,59.89,57034,95238
Jalisco,III,2014,48.22,24183,50154
Jalisco,IV,2014,47.97,46377,96680
Jalisco,V,2014,86.6,65890,76086
Jalisco,VI,2014,77.61,31699,40846
Jalisco,VII,2014,54.36,12392,22796
Jalisco,VIII,2014,80.15,35711,44556
Jalisco,IX,2014,85.56,37193,43469
Jalisco,X,2014,73.73,42315,57393
Jalisco,Total,2016,61.48,400692,651763
Jalisco,I ,2016,40.49,65018,160590
Jalisco,II ,2016,50.54,38001,75185
Jalisco,III,2016,68.28,41334,60540
Jalisco,IV,2016,71.7,45823,63906
Jalisco,V,2016,66.16,33963,51336
Jalisco,VI,2016,82.66,36687,44382
Jalisco,VII,2016,56.08,32012,57083
Jalisco,VIII,2016,73.83,42275,57261
Jalisco,IX,2016,75.47,36230,48005
Jalisco,X,2016,87.67,29349,33475
México,Total,2010,79.06,495243,626428
México,I ,2010,53.52,51839,96853
México,II ,2010,70.99,42655,60089
México,III,2010,71.12,43184,60723
México,IV,2010,81.65,54309,66516
México,V,2010,82.66,56054,67816
México,VI,2010,98.53,40958,41571
México,VII,2010,86.9,59183,68103
México,VIII,2010,87.83,46980,53490
México,IX,2010,84.84,43572,51358
México,X,2010,94.32,56509,59909
México,Total,2012,66.91,506999,757787
México,I ,2012,40.02,75048,187509
México,II ,2012,49.58,32988,66539
México,III,2012,48.14,28681,59579
México,IV,2012,89.83,75111,83618
México,V,2012,86.49,53422,61768
México,VI,2012,63.02,34900,55376
México,VII,2012,79.29,51201,64573
México,VIII,2012,100,38165,38165
México,IX,2012,77.82,52050,66881
México,X,2012,88.69,65433,73779
México,Total,2014,64,681560,1064972
México,I ,2014,52.84,80379,152106
México,II ,2014,59.62,99885,167531
México,III,2014,64.81,100862,155629
México,IV,2014,58.98,64980,110180
México,V,2014,53.22,56247,105683
México,VI,2014,74.15,80119,108046
México,VII,2014,71.96,73127,101621
México,VIII,2014,49.45,22811,46131
México,IX,2014,87.52,71965,82227
México,X,2014,87.07,31185,35818
México,Total,2016,62.49,826059,1321896
México,I ,2016,35.31,84535,239377
México,II ,2016,52.96,79539,150180
México,III,2016,56.44,76344,135265
México,IV,2016,56.72,55806,98389
México,V,2016,75.3,106040,140829
México,VI,2016,73.69,97492,132308
México,VII,2016,78.79,113136,143584
México,VIII,2016,66.31,69600,104966
México,IX,2016,78.06,67813,86878
México,X,2016,84.06,75754,90120
Michoacán de Ocampo,Total,2010,71.82,166831,232291
Michoacán de Ocampo,I ,2010,69.3,45476,65618
Michoacán de Ocampo,II ,2010,63.8,20563,32231
Michoacán de Ocampo,III,2010,46.72,8924,19102
Michoacán de Ocampo,IV,2010,76.86,17617,22921
Michoacán de Ocampo,V,2010,47.38,8434,17799
Michoacán de Ocampo,VI,2010,100,20243,20243
Michoacán de Ocampo,VII,2010,74.62,13592,18215
Michoacán de Ocampo,VIII,2010,54.91,5091,9271
Michoacán de Ocampo,IX,2010,100,9639,9639
Michoacán de Ocampo,X,2010,100,17252,17252
Michoacán de Ocampo,Total,2012,63.14,224241,355150
Michoacán de Ocampo,I ,2012,69.68,20750,29778
Michoacán de Ocampo,II ,2012,53.5,25139,46985
Michoacán de Ocampo,III,2012,48.78,22864,46867
Michoacán de Ocampo,IV,2012,39.22,13332,33992
Michoacán de Ocampo,V,2012,88.54,23137,26132
Michoacán de Ocampo,VI,2012,51.34,10265,19996
Michoacán de Ocampo,VII,2012,67.46,34578,51259
Michoacán de Ocampo,VIII,2012,42.28,12474,29503
Michoacán de Ocampo,IX,2012,93.3,41684,44679
Michoacán de Ocampo,X,2012,77.11,20018,25959
Michoacán de Ocampo,Total,2014,47.16,125535,266191
Michoacán de Ocampo,I ,2014,45.37,24923,54931
Michoacán de Ocampo,II ,2014,18.19,5400,29679
Michoacán de Ocampo,III,2014,36.16,12589,34811
Michoacán de Ocampo,IV,2014,39.09,10983,28096
Michoacán de Ocampo,V,2014,64.24,18081,28144
Michoacán de Ocampo,VI,2014,33.85,7915,23381
Michoacán de Ocampo,VII,2014,80.78,11026,13650
Michoacán de Ocampo,VIII,2014,62.34,10322,16558
Michoacán de Ocampo,IX,2014,38.3,4964,12961
Michoacán de Ocampo,X,2014,80.62,19332,23980
Michoacán de Ocampo,Total,2016,48.53,211525,435861
Michoacán de Ocampo,I ,2016,35.1,28543,81319
Michoacán de Ocampo,II ,2016,43.41,22112,50941
Michoacán de Ocampo,III,2016,36.27,18253,50326
Michoacán de Ocampo,IV,2016,57.72,25812,44722
Michoacán de Ocampo,V,2016,42.63,17668,41446
Michoacán de Ocampo,VI,2016,49.1,14622,29782
Michoacán de Ocampo,VII,2016,62.12,20083,32328
Michoacán de Ocampo,VIII,2016,57.93,20035,34583
Michoacán de Ocampo,IX,2016,52.1,22003,42231
Michoacán de Ocampo,X,2016,79.46,22394,28183
Morelos,Total,2010,59.46,104732,176141
Morelos,I ,2010,59.28,22845,38536
Morelos,II ,2010,28.22,11575,41011
Morelos,III,2010,73.2,12341,16860
Morelos,IV,2010,35.88,4385,12221
Morelos,V,2010,67.39,7848,11646
Morelos,VI,2010,73.52,9043,12300
Morelos,VII,2010,76.78,9946,12954
Morelos,VIII,2010,100,11740,11740
Morelos,IX,2010,100,7739,7739
Morelos,X,2010,65.3,7270,11134
Morelos,Total,2012,56.25,82784,147159
Morelos,I ,2012,55.41,15147,27335
Morelos,II ,2012,43.86,11734,26752
Morelos,III,2012,26.81,2022,7541
Morelos,IV,2012,SD,0,5624
Morelos,V,2012,54.08,7740,14311
Morelos,VI,2012,18.35,1792,9767
Morelos,VII,2012,74.72,7894,10565
Morelos,VIII,2012,100,7454,7454
Morelos,IX,2012,43.39,4396,10131
Morelos,X,2012,88.89,24605,27679
Morelos,Total,2014,51.02,65976,129310
Morelos,I ,2014,38.51,8656,22476
Morelos,II ,2014,28.29,4761,16829
Morelos,III,2014,40.55,7300,18004
Morelos,IV,2014,40.89,3438,8407
Morelos,V,2014,63.1,5041,7989
Morelos,VI,2014,44.35,3067,6915
Morelos,VII,2014,70.08,7245,10338
Morelos,VIII,2014,55.91,6322,11308
Morelos,IX,2014,61.89,8896,14374
Morelos,X,2014,88.79,11250,12670
Morelos,Total,2016,53.01,86978,164070
Morelos,I ,2016,45.01,13705,30446
Morelos,II ,2016,44.78,9972,22271
Morelos,III,2016,46.23,7502,16228
Morelos,IV,2016,54.42,8752,16081
Morelos,V,2016,50.69,10491,20698
Morelos,VI,2016,43.55,4373,10042
Morelos,VII,2016,50.84,6503,12792
Morelos,VIII,2016,70.95,9082,12800
Morelos,IX,2016,60.01,7475,12456
Morelos,X,2016,88.95,9123,10256
Nayarit,Total,2010,55.01,28935,52600
Nayarit,I ,2010,33.55,3536,10538
Nayarit,II ,2010,45.94,2012,4380
Nayarit,III,2010,52.96,2834,5351
Nayarit,IV,2010,26.74,1120,4189
Nayarit,V,2010,67.72,3251,4801
Nayarit,VI,2010,80.33,4857,6046
Nayarit,VII,2010,73.93,4923,6659
Nayarit,VIII,2010,20.33,913,4490
Nayarit,IX,2010,100,2554,2554
Nayarit,X,2010,81.71,2935,3592
Nayarit,Total,2012,56.51,58488,103499
Nayarit,I ,2012,43.8,3401,7764
Nayarit,II ,2012,38.25,5204,13606
Nayarit,III,2012,36.19,5915,16343
Nayarit,IV,2012,69.64,6425,9226
Nayarit,V,2012,55.67,9716,17454
Nayarit,VI,2012,63,5929,9411
Nayarit,VII,2012,51.21,7017,13702
Nayarit,VIII,2012,100,7821,7821
Nayarit,IX,2012,64.88,2054,3166
Nayarit,X,2012,100,5006,5006
Nayarit,Total,2014,60.38,64732,107209
Nayarit,I ,2014,45.76,7827,17103
Nayarit,II ,2014,56.92,8411,14776
Nayarit,III,2014,54.87,7930,14453
Nayarit,IV,2014,69.5,7973,11472
Nayarit,V,2014,41.34,4948,11970
Nayarit,VI,2014,60.84,8517,14000
Nayarit,VII,2014,70.53,6095,8642
Nayarit,VIII,2014,75.32,4432,5884
Nayarit,IX,2014,94.67,5509,5819
Nayarit,X,2014,100,3090,3090
Nayarit,Total,2016,56.66,73932,130474
Nayarit,I ,2016,42.11,8433,20026
Nayarit,II ,2016,41.4,7947,19194
Nayarit,III,2016,49.31,9267,18793
Nayarit,IV,2016,47.97,5661,11800
Nayarit,V,2016,69.31,6351,9163
Nayarit,VI,2016,46.55,4964,10663
Nayarit,VII,2016,78.29,10052,12839
Nayarit,VIII,2016,62.84,5560,8848
Nayarit,IX,2016,80.04,9723,12148
Nayarit,X,2016,85.34,5974,7000
Nuevo León,Total,2010,90.83,198836,218921
Nuevo León,I ,2010,59.92,17362,28976
Nuevo León,II ,2010,99.68,27726,27815
Nuevo León,III,2010,94.68,9259,9779
Nuevo León,IV,2010,85.43,19204,22480
Nuevo León,V,2010,99.35,13659,13748
Nuevo León,VI,2010,97.55,20674,21194
Nuevo León,VII,2010,100,2621,2621
Nuevo León,VIII,2010,100,15668,15668
Nuevo León,IX,2010,100,46858,46858
Nuevo León,X,2010,86.65,25805,29782
Nuevo León,Total,2012,75.21,163905,217943
Nuevo León,I ,2012,30.44,12068,39640
Nuevo León,II ,2012,65.25,23376,35828
Nuevo León,III,2012,100,25586,25586
Nuevo León,IV,2012,100,16692,16692
Nuevo León,V,2012,56.23,14932,26555
Nuevo León,VI,2012,82.06,10940,13331
Nuevo León,VII,2012,100,19170,19170
Nuevo León,VIII,2012,100,22772,22772
Nuevo León,IX,2012,100,7597,7597
Nuevo León,X,2012,100,10772,10772
Nuevo León,Total,2014,84.13,189893,225708
Nuevo León,I ,2014,80.12,53837,67199
Nuevo León,II ,2014,78.72,29305,37227
Nuevo León,III,2014,82.88,21142,25509
Nuevo León,IV,2014,90.1,13876,15401
Nuevo León,V,2014,86.56,26017,30057
Nuevo León,VI,2014,100,5168,5168
Nuevo León,VII,2014,100,13942,13942
Nuevo León,VIII,2014,75.54,14202,18801
Nuevo León,IX,2014,100,6793,6793
Nuevo León,X,2014,100,5611,5611
Nuevo León,Total,2016,77.29,230874,298717
Nuevo León,I ,2016,57.07,34723,60839
Nuevo León,II ,2016,66.27,30313,45740
Nuevo León,III,2016,69.31,22442,32381
Nuevo León,IV,2016,79.33,19339,24379
Nuevo León,V,2016,82.47,25290,30665
Nuevo León,VI,2016,96.58,23744,24584
Nuevo León,VII,2016,99.09,19468,19646
Nuevo León,VIII,2016,99.7,16602,16652
Nuevo León,IX,2016,83.86,25340,30218
Nuevo León,X,2016,100,13613,13613
Oaxaca,Total,2010,65.38,129942,198755
Oaxaca,I ,2010,69.26,17173,24794
Oaxaca,II ,2010,61.77,15808,25590
Oaxaca,III,2010,34.36,6357,18501
Oaxaca,IV,2010,54.38,14897,27393
Oaxaca,V,2010,56.1,9427,16803
Oaxaca,VI,2010,84.82,28861,34027
Oaxaca,VII,2010,77.55,6081,7841
Oaxaca,VIII,2010,36.58,3978,10875
Oaxaca,IX,2010,81.45,20400,25047
Oaxaca,X,2010,88.28,6960,7884
Oaxaca,Total,2012,35.33,150724,426657
Oaxaca,I ,2012,41.09,27246,66304
Oaxaca,II ,2012,4.66,3335,71527
Oaxaca,III,2012,16.96,5734,33807
Oaxaca,IV,2012,28.04,11467,40902
Oaxaca,V,2012,66.37,40499,61018
Oaxaca,VI,2012,40.38,8576,21237
Oaxaca,VII,2012,47.26,15096,31945
Oaxaca,VIII,2012,31.13,11447,36772
Oaxaca,IX,2012,34.05,13020,38237
Oaxaca,X,2012,57.43,14304,24908
Oaxaca,Total,2014,34.89,127591,365735
Oaxaca,I ,2014,40.6,9910,24407
Oaxaca,II ,2014,34.6,22563,65202
Oaxaca,III,2014,8.6,3568,41500
Oaxaca,IV,2014,15.86,5210,32841
Oaxaca,V,2014,10.8,4851,44935
Oaxaca,VI,2014,29.23,10741,36752
Oaxaca,VII,2014,59.35,19989,33679
Oaxaca,VIII,2014,59.04,21926,37137
Oaxaca,IX,2014,43.43,11855,27295
Oaxaca,X,2014,77.22,16978,21987
Oaxaca,Total,2016,37.29,118106,316747
Oaxaca,I ,2016,16.33,9113,55812
Oaxaca,II ,2016,20.16,8164,40495
Oaxaca,III,2016,27.54,8829,32056
Oaxaca,IV,2016,34.13,8567,25100
Oaxaca,V,2016,33.33,12099,36304
Oaxaca,VI,2016,40.33,11486,28483
Oaxaca,VII,2016,54.45,15667,28775
Oaxaca,VIII,2016,51,13518,26507
Oaxaca,IX,2016,58.22,13359,22945
Oaxaca,X,2016,85.37,17304,20270
Puebla,Total,2010,68.81,195101,283538
Puebla,I ,2010,56.96,29146,51171
Puebla,II ,2010,77.3,31364,40572
Puebla,III,2010,70.22,19349,27554
Puebla,IV,2010,66.39,16362,24647
Puebla,V,2010,59.72,21606,36177
Puebla,VI,2010,68.07,14197,20857
Puebla,VII,2010,82.61,16323,19759
Puebla,VIII,2010,19.86,1446,7280
Puebla,IX,2010,75.08,20005,26645
Puebla,X,2010,87.63,25303,28876
Puebla,Total,2012,46.99,143193,304720
Puebla,I ,2012,31.12,23858,76672
Puebla,II ,2012,40.9,9339,22834
Puebla,III,2012,53.46,9339,17469
Puebla,IV,2012,60.36,21682,35921
Puebla,V,2012,41.34,19434,47005
Puebla,VI,2012,63.86,18472,28924
Puebla,VII,2012,35.08,18817,53643
Puebla,VIII,2012,100,5742,5742
Puebla,IX,2012,100,16510,16510
Puebla,X,2012,SD,0,0
Puebla,Total,2014,42.21,149540,354291
Puebla,I ,2014,31.71,29808,94000
Puebla,II ,2014,35.24,19630,55698
Puebla,III,2014,31.8,6829,21478
Puebla,IV,2014,50.18,16805,33488
Puebla,V,2014,48.72,12047,24727
Puebla,VI,2014,47.26,17864,37802
Puebla,VII,2014,32.01,6187,19326
Puebla,VIII,2014,51.2,4473,8736
Puebla,IX,2014,51.68,22293,43135
Puebla,X,2014,85.55,13604,15901
Puebla,Total,2016,47.23,213936,452991
Puebla,I ,2016,31.15,26185,84058
Puebla,II ,2016,32.36,21125,65290
Puebla,III,2016,43.09,20948,48619
Puebla,IV,2016,43.22,18203,42116
Puebla,V,2016,50.59,24564,48553
Puebla,VI,2016,45.29,15874,35047
Puebla,VII,2016,51.41,18117,35242
Puebla,VIII,2016,64.23,18070,28132
Puebla,IX,2016,71.22,25497,35798
Puebla,X,2016,84.13,25353,30136
Querétaro,Total,2010,70.99,86714,122156
Querétaro,I ,2010,39.46,10402,26362
Querétaro,II ,2010,65.72,8938,13600
Querétaro,III,2010,65.54,8337,12721
Querétaro,IV,2010,84.96,9656,11365
Querétaro,V,2010,65.81,9345,14201
Querétaro,VI,2010,77.44,8260,10666
Querétaro,VII,2010,85.79,4058,4730
Querétaro,VIII,2010,100,18189,18189
Querétaro,IX,2010,84.35,4274,5067
Querétaro,X,2010,100,5255,5255
Querétaro,Total,2012,56.96,67120,117840
Querétaro,I ,2012,44.69,24146,54024
Querétaro,II ,2012,61.04,6219,10189
Querétaro,III,2012,42.16,5433,12886
Querétaro,IV,2012,20.42,1772,8676
Querétaro,V,2012,83.94,7953,9475
Querétaro,VI,2012,85.03,5639,6632
Querétaro,VII,2012,100,3408,3408
Querétaro,VIII,2012,100,10778,10778
Querétaro,IX,2012,100,1772,1772
Querétaro,X,2012,SD,0,0
Querétaro,Total,2014,72.58,68608,94530
Querétaro,I ,2014,48.33,8605,17804
Querétaro,II ,2014,61.59,8094,13142
Querétaro,III,2014,79.37,8812,11102
Querétaro,IV,2014,65.4,4554,6963
Querétaro,V,2014,74.61,7765,10408
Querétaro,VI,2014,58.55,4794,8188
Querétaro,VII,2014,100,4835,4835
Querétaro,VIII,2014,91.24,9785,10724
Querétaro,IX,2014,100,6291,6291
Querétaro,X,2014,100,5073,5073
Querétaro,Total,2016,60.84,83832,137790
Querétaro,I ,2016,44.63,14838,33245
Querétaro,II ,2016,58.82,9705,16499
Querétaro,III,2016,37.25,4505,12094
Querétaro,IV,2016,57.89,6433,11112
Querétaro,V,2016,73.87,8858,11991
Querétaro,VI,2016,68.97,5758,8348
Querétaro,VII,2016,72.87,10087,13842
Querétaro,VIII,2016,79.34,8618,10862
Querétaro,IX,2016,74.53,10592,14212
Querétaro,X,2016,79.46,4438,5585
Quintana Roo,Total,2010,75.84,25963,34235
Quintana Roo,I ,2010,67.25,2129,3166
Quintana Roo,II ,2010,34.45,1960,5689
Quintana Roo,III,2010,100,3322,3322
Quintana Roo,IV,2010,76.94,1518,1973
Quintana Roo,V,2010,100,5734,5734
Quintana Roo,VI,2010,65.53,460,702
Quintana Roo,VII,2010,54.55,2108,3864
Quintana Roo,VIII,2010,86.48,6734,7787
Quintana Roo,IX,2010,100,1998,1998
Quintana Roo,X,2010,SD,0,0
Quintana Roo,Total,2012,61.9,21590,34881
Quintana Roo,I ,2012,34.59,759,2194
Quintana Roo,II ,2012,40.85,2247,5501
Quintana Roo,III,2012,75.52,4328,5731
Quintana Roo,IV,2012,SD,0,0
Quintana Roo,V,2012,42.09,2523,5995
Quintana Roo,VI,2012,100,2520,2520
Quintana Roo,VII,2012,100,5929,5929
Quintana Roo,VIII,2012,33.32,1862,5589
Quintana Roo,IX,2012,SD,0,0
Quintana Roo,X,2012,100,1422,1422
Quintana Roo,Total,2014,60.56,47251,78018
Quintana Roo,I ,2014,40.95,6141,14998
Quintana Roo,II ,2014,59.2,5496,9283
Quintana Roo,III,2014,60.54,5911,9763
Quintana Roo,IV,2014,55.04,8859,16096
Quintana Roo,V,2014,66.95,2708,4045
Quintana Roo,VI,2014,76.73,5415,7057
Quintana Roo,VII,2014,100,5712,5712
Quintana Roo,VIII,2014,62.72,2852,4547
Quintana Roo,IX,2014,27.7,904,3264
Quintana Roo,X,2014,100,3253,3253
Quintana Roo,Total,2016,63.09,57429,91026
Quintana Roo,I ,2016,34.79,6154,17689
Quintana Roo,II ,2016,49.59,6460,13026
Quintana Roo,III,2016,56.28,6055,10758
Quintana Roo,IV,2016,69.26,6010,8677
Quintana Roo,V,2016,72.51,5870,8095
Quintana Roo,VI,2016,86.19,7856,9115
Quintana Roo,VII,2016,80.27,2953,3679
Quintana Roo,VIII,2016,66.53,4491,6750
Quintana Roo,IX,2016,78.02,5881,7538
Quintana Roo,X,2016,100,5699,5699
San Luis Potosí,Total,2010,61.06,79530,130239
San Luis Potosí,I ,2010,30.02,8801,29322
San Luis Potosí,II ,2010,41.08,5774,14054
San Luis Potosí,III,2010,63.51,13711,21590
San Luis Potosí,IV,2010,83.13,8355,10051
San Luis Potosí,V,2010,81.55,19736,24202
San Luis Potosí,VI,2010,84.39,2628,3114
San Luis Potosí,VII,2010,89.82,4041,4499
San Luis Potosí,VIII,2010,78.66,6518,8286
San Luis Potosí,IX,2010,49.26,2052,4166
San Luis Potosí,X,2010,72.24,7914,10955
San Luis Potosí,Total,2012,38.94,80938,207871
San Luis Potosí,I ,2012,17.42,5355,30742
San Luis Potosí,II ,2012,25.79,9687,37565
San Luis Potosí,III,2012,26.76,4038,15090
San Luis Potosí,IV,2012,36.62,9531,26027
San Luis Potosí,V,2012,40.94,12830,31335
San Luis Potosí,VI,2012,42.06,6765,16083
San Luis Potosí,VII,2012,59.06,16966,28729
San Luis Potosí,VIII,2012,24.4,2109,8643
San Luis Potosí,IX,2012,100,9630,9630
San Luis Potosí,X,2012,100,4027,4027
San Luis Potosí,Total,2014,54.26,117925,217351
San Luis Potosí,I ,2014,23.52,7461,31720
San Luis Potosí,II ,2014,39.19,12989,33147
San Luis Potosí,III,2014,48.04,11130,23166
San Luis Potosí,IV,2014,19.19,4353,22688
San Luis Potosí,V,2014,54.68,8049,14719
San Luis Potosí,VI,2014,72.57,20585,28366
San Luis Potosí,VII,2014,77.11,20952,27172
San Luis Potosí,VIII,2014,90.94,9857,10839
San Luis Potosí,IX,2014,100,13865,13865
San Luis Potosí,X,2014,74.42,8684,11669
San Luis Potosí,Total,2016,42.81,93046,217362
San Luis Potosí,I ,2016,20.92,7037,33645
San Luis Potosí,II ,2016,24.21,7096,29309
San Luis Potosí,III,2016,39.29,10520,26777
San Luis Potosí,IV,2016,48.52,13105,27011
San Luis Potosí,V,2016,43.53,8458,19429
San Luis Potosí,VI,2016,35.16,5336,15178
San Luis Potosí,VII,2016,61.05,16153,26457
San Luis Potosí,VIII,2016,74.86,11168,14919
San Luis Potosí,IX,2016,47.13,7584,16093
San Luis Potosí,X,2016,77.12,6589,8544
Sinaloa,Total,2010,81.41,129490,159056
Sinaloa,I ,2010,76.03,21230,27923
Sinaloa,II ,2010,76.09,14554,19127
Sinaloa,III,2010,80.69,14403,17850
Sinaloa,IV,2010,82.69,9546,11545
Sinaloa,V,2010,100,7976,7976
Sinaloa,VI,2010,100,15236,15236
Sinaloa,VII,2010,84.14,9567,11371
Sinaloa,VIII,2010,74.75,16601,22208
Sinaloa,IX,2010,61.96,8864,14307
Sinaloa,X,2010,100,11513,11513
Sinaloa,Total,2012,71.29,137751,193229
Sinaloa,I ,2012,50.4,18763,37231
Sinaloa,II ,2012,64.16,26118,40705
Sinaloa,III,2012,81.46,14445,17733
Sinaloa,IV,2012,80.03,18261,22818
Sinaloa,V,2012,88.82,22445,25269
Sinaloa,VI,2012,80.06,18900,23606
Sinaloa,VII,2012,64.84,4048,6243
Sinaloa,VIII,2012,70.29,7394,10519
Sinaloa,IX,2012,SD,0,0
Sinaloa,X,2012,81.02,7377,9105
Sinaloa,Total,2014,61.82,100656,162822
Sinaloa,I ,2014,58.73,25829,43982
Sinaloa,II ,2014,48.07,11129,23154
Sinaloa,III,2014,42.48,5408,12732
Sinaloa,IV,2014,61.95,6776,10937
Sinaloa,V,2014,59.58,9264,15548
Sinaloa,VI,2014,64.68,7087,10957
Sinaloa,VII,2014,66.23,14845,22415
Sinaloa,VIII,2014,89.04,12036,13517
Sinaloa,IX,2014,100,2816,2816
Sinaloa,X,2014,80.81,5466,6764
Sinaloa,Total,2016,71.89,167872,233502
Sinaloa,I ,2016,55.45,28186,50828
Sinaloa,II ,2016,67.64,19399,28681
Sinaloa,III,2016,69.41,20991,30242
Sinaloa,IV,2016,76.99,18627,24193
Sinaloa,V,2016,66.19,12678,19155
Sinaloa,VI,2016,73.35,14143,19282
Sinaloa,VII,2016,82.17,14173,17249
Sinaloa,VIII,2016,84.38,12523,14841
Sinaloa,IX,2016,90.63,15860,17500
Sinaloa,X,2016,97.93,11292,11531
Sonora,Total,2010,78.47,123273,157093
Sonora,I ,2010,75.62,27334,36145
Sonora,II ,2010,79.88,10115,12663
Sonora,III,2010,58.52,12504,21367
Sonora,IV,2010,61.5,6941,11287
Sonora,V,2010,100,26843,26843
Sonora,VI,2010,100,5953,5953
Sonora,VII,2010,62.32,11469,18404
Sonora,VIII,2010,100,10982,10982
Sonora,IX,2010,70.93,5653,7970
Sonora,X,2010,100,5479,5479
Sonora,Total,2012,75.19,139145,185061
Sonora,I ,2012,62.41,18722,29999
Sonora,II ,2012,51.94,17225,33166
Sonora,III,2012,81.86,13847,16916
Sonora,IV,2012,70.55,18529,26264
Sonora,V,2012,82.91,14886,17955
Sonora,VI,2012,100,6532,6532
Sonora,VII,2012,85.09,14484,17022
Sonora,VIII,2012,100,16331,16331
Sonora,IX,2012,100,11781,11781
Sonora,X,2012,74.85,6808,9095
Sonora,Total,2014,76.66,156945,204716
Sonora,I ,2014,63.67,27094,42552
Sonora,II ,2014,57.4,14755,25707
Sonora,III,2014,68.01,15539,22847
Sonora,IV,2014,76.9,17636,22934
Sonora,V,2014,79.87,13337,16698
Sonora,VI,2014,83.25,21592,25937
Sonora,VII,2014,95.34,21481,22530
Sonora,VIII,2014,100,9234,9234
Sonora,IX,2014,100,14379,14379
Sonora,X,2014,100,1898,1898
Sonora,Total,2016,72.71,143800,197759
Sonora,I ,2016,55.24,19999,36201
Sonora,II ,2016,62.23,16322,26227
Sonora,III,2016,67.75,15686,23154
Sonora,IV,2016,71.03,12423,17491
Sonora,V,2016,86.24,20568,23850
Sonora,VI,2016,79.93,13066,16347
Sonora,VII,2016,78.83,15595,19782
Sonora,VIII,2016,76.03,9050,11903
Sonora,IX,2016,87.14,10663,12237
Sonora,X,2016,98.68,10428,10567
Tabasco,Total,2010,45.64,39551,86653
Tabasco,I ,2010,30.85,4967,16103
Tabasco,II ,2010,SD,0,449
Tabasco,III,2010,35.9,5418,15094
Tabasco,IV,2010,55.03,4557,8281
Tabasco,V,2010,52.46,4256,8113
Tabasco,VI,2010,71.65,3558,4966
Tabasco,VII,2010,5.3,465,8766
Tabasco,VIII,2010,50.14,6774,13509
Tabasco,IX,2010,80.08,5370,6706
Tabasco,X,2010,89.71,4186,4666
Tabasco,Total,2012,54.95,171960,312918
Tabasco,I ,2012,22.39,10150,45323
Tabasco,II ,2012,13.63,2019,14815
Tabasco,III,2012,33.65,11511,34210
Tabasco,IV,2012,46.72,18470,39533
Tabasco,V,2012,66.77,17453,26138
Tabasco,VI,2012,50.01,7678,15353
Tabasco,VII,2012,61.24,17845,29138
Tabasco,VIII,2012,91.8,32000,34858
Tabasco,IX,2012,76.5,34779,45463
Tabasco,X,2012,71.4,20055,28087
Tabasco,Total,2014,47.22,80946,171421
Tabasco,I ,2014,28.56,8369,29299
Tabasco,II ,2014,26.16,7278,27820
Tabasco,III,2014,37.81,5763,15240
Tabasco,IV,2014,39.81,7073,17768
Tabasco,V,2014,50.94,8758,17194
Tabasco,VI,2014,48.25,7506,15555
Tabasco,VII,2014,61.68,7926,12851
Tabasco,VIII,2014,75.58,7515,9943
Tabasco,IX,2014,79.95,9340,11682
Tabasco,X,2014,81.16,11418,14069
Tabasco,Total,2016,44.4,74454,167699
Tabasco,I ,2016,21.76,6733,30946
Tabasco,II ,2016,30.05,5206,17325
Tabasco,III,2016,31.07,4432,14265
Tabasco,IV,2016,40.98,5551,13544
Tabasco,V,2016,26.67,3322,12458
Tabasco,VI,2016,54.23,9888,18232
Tabasco,VII,2016,56.49,8076,14296
Tabasco,VIII,2016,55.93,9425,16852
Tabasco,IX,2016,66.96,9103,13594
Tabasco,X,2016,78.57,12718,16187
Tamaulipas,Total,2010,72.25,124487,172308
Tamaulipas,I ,2010,50.73,19062,37576
Tamaulipas,II ,2010,59.46,13362,22474
Tamaulipas,III,2010,43.09,7898,18329
Tamaulipas,IV,2010,74.23,19209,25877
Tamaulipas,V,2010,100,20318,20318
Tamaulipas,VI,2010,100,7449,7449
Tamaulipas,VII,2010,89.9,11671,12982
Tamaulipas,VIII,2010,100,10868,10868
Tamaulipas,IX,2010,86.57,11506,13291
Tamaulipas,X,2010,100,3144,3144
Tamaulipas,Total,2012,54.49,81883,150284
Tamaulipas,I ,2012,31.12,15595,50106
Tamaulipas,II ,2012,58.13,10454,17983
Tamaulipas,III,2012,44.98,8019,17829
Tamaulipas,IV,2012,73.42,5431,7397
Tamaulipas,V,2012,44.35,3536,7973
Tamaulipas,VI,2012,SD,0,0
Tamaulipas,VII,2012,SD,0,0
Tamaulipas,VIII,2012,52.82,11362,21510
Tamaulipas,IX,2012,100,8204,8204
Tamaulipas,X,2012,100,19282,19282
Tamaulipas,Total,2014,69.82,165000,236315
Tamaulipas,I ,2014,49.84,16686,33478
Tamaulipas,II ,2014,63.23,10901,17240
Tamaulipas,III,2014,58.13,12442,21404
Tamaulipas,IV,2014,73.57,15054,20462
Tamaulipas,V,2014,56.35,14913,26467
Tamaulipas,VI,2014,83.66,27630,33026
Tamaulipas,VII,2014,65.51,16204,24737
Tamaulipas,VIII,2014,84.77,21255,25073
Tamaulipas,IX,2014,89.1,19411,21785
Tamaulipas,X,2014,83.08,10504,12643
Tamaulipas,Total,2016,69.94,192264,274907
Tamaulipas,I ,2016,54.48,27207,49941
Tamaulipas,II ,2016,60.65,21239,35021
Tamaulipas,III,2016,53.66,14949,27861
Tamaulipas,IV,2016,76.07,20609,27093
Tamaulipas,V,2016,72.64,18181,25028
Tamaulipas,VI,2016,69.37,17293,24928
Tamaulipas,VII,2016,80.78,21223,26273
Tamaulipas,VIII,2016,80.82,15273,18898
Tamaulipas,IX,2016,89.1,24711,27734
Tamaulipas,X,2016,95.46,11579,12130
Tlaxcala,Total,2010,50.31,37036,73614
Tlaxcala,I ,2010,40.32,8304,20595
Tlaxcala,II ,2010,60.98,5299,8690
Tlaxcala,III,2010,18.04,1284,7118
Tlaxcala,IV,2010,53.84,3572,6635
Tlaxcala,V,2010,66.08,6578,9954
Tlaxcala,VI,2010,79.01,4277,5413
Tlaxcala,VII,2010,SD,0,5819
Tlaxcala,VIII,2010,69.14,1689,2443
Tlaxcala,IX,2010,100,1554,1554
Tlaxcala,X,2010,83.05,4479,5393
Tlaxcala,Total,2012,53.49,34868,65182
Tlaxcala,I ,2012,64.42,8811,13678
Tlaxcala,II ,2012,66.93,2688,4016
Tlaxcala,III,2012,37.67,3519,9341
Tlaxcala,IV,2012,73.85,5867,7944
Tlaxcala,V,2012,55.17,5924,10738
Tlaxcala,VI,2012,SD,0,2807
Tlaxcala,VII,2012,34.43,2302,6687
Tlaxcala,VIII,2012,62.02,3520,5676
Tlaxcala,IX,2012,100,2237,2237
Tlaxcala,X,2012,SD,0,2058
Tlaxcala,Total,2014,46.25,39163,84677
Tlaxcala,I ,2014,42.72,4848,11348
Tlaxcala,II ,2014,24.08,2762,11468
Tlaxcala,III,2014,24.49,2547,10399
Tlaxcala,IV,2014,57.46,4228,7358
Tlaxcala,V,2014,66.94,4472,6681
Tlaxcala,VI,2014,49.19,4777,9711
Tlaxcala,VII,2014,44.63,2725,6106
Tlaxcala,VIII,2014,22.59,1583,7008
Tlaxcala,IX,2014,76.81,5854,7621
Tlaxcala,X,2014,76.92,5367,6977
Tlaxcala,Total,2016,43.06,33389,77536
Tlaxcala,I ,2016,34.63,6081,17561
Tlaxcala,II ,2016,33.99,3053,8981
Tlaxcala,III,2016,31.79,2813,8848
Tlaxcala,IV,2016,42.45,3150,7420
Tlaxcala,V,2016,56.52,3912,6921
Tlaxcala,VI,2016,45.85,3597,7846
Tlaxcala,VII,2016,34.24,1200,3505
Tlaxcala,VIII,2016,47.45,3410,7186
Tlaxcala,IX,2016,53.05,1881,3546
Tlaxcala,X,2016,75.01,4292,5722
Veracruz de Ignacio de la Llave,Total,2010,69.35,350855,505899
Veracruz de Ignacio de la Llave,I ,2010,36.18,20620,56997
Veracruz de Ignacio de la Llave,II ,2010,43.91,28601,65137
Veracruz de Ignacio de la Llave,III,2010,66.3,29358,44282
Veracruz de Ignacio de la Llave,IV,2010,88.17,60067,68124
Veracruz de Ignacio de la Llave,V,2010,73.95,34910,47210
Veracruz de Ignacio de la Llave,VI,2010,52.29,38830,74262
Veracruz de Ignacio de la Llave,VII,2010,99.51,56610,56886
Veracruz de Ignacio de la Llave,VIII,2010,85.14,37160,43644
Veracruz de Ignacio de la Llave,IX,2010,84.95,26298,30956
Veracruz de Ignacio de la Llave,X,2010,100,18401,18401
Veracruz de Ignacio de la Llave,Total,2012,49.48,288574,583177
Veracruz de Ignacio de la Llave,I ,2012,21.51,14787,68733
Veracruz de Ignacio de la Llave,II ,2012,20.01,24241,121130
Veracruz de Ignacio de la Llave,III,2012,61.28,44417,72478
Veracruz de Ignacio de la Llave,IV,2012,53.47,34038,63655
Veracruz de Ignacio de la Llave,V,2012,33.22,20577,61940
Veracruz de Ignacio de la Llave,VI,2012,100,12878,12878
Veracruz de Ignacio de la Llave,VII,2012,54.65,27123,49633
Veracruz de Ignacio de la Llave,VIII,2012,100,43054,43054
Veracruz de Ignacio de la Llave,IX,2012,76.68,27060,35290
Veracruz de Ignacio de la Llave,X,2012,74.28,40399,54386
Veracruz de Ignacio de la Llave,Total,2014,47.94,252971,527661
Veracruz de Ignacio de la Llave,I ,2014,29.31,22871,78038
Veracruz de Ignacio de la Llave,II ,2014,52.57,24874,47315
Veracruz de Ignacio de la Llave,III,2014,50.08,19248,38437
Veracruz de Ignacio de la Llave,IV,2014,45.35,24523,54070
Veracruz de Ignacio de la Llave,V,2014,34.25,31731,92638
Veracruz de Ignacio de la Llave,VI,2014,40.56,24996,61624
Veracruz de Ignacio de la Llave,VII,2014,22.08,6143,27827
Veracruz de Ignacio de la Llave,VIII,2014,69.88,17347,24824
Veracruz de Ignacio de la Llave,IX,2014,81.5,36609,44918
Veracruz de Ignacio de la Llave,X,2014,76.99,44629,57970
Veracruz de Ignacio de la Llave,Total,2016,53.27,334685,628245
Veracruz de Ignacio de la Llave,I ,2016,29.05,30978,106632
Veracruz de Ignacio de la Llave,II ,2016,45.03,41675,92555
Veracruz de Ignacio de la Llave,III,2016,39.43,20967,53169
Veracruz de Ignacio de la Llave,IV,2016,51.43,37429,72771
Veracruz de Ignacio de la Llave,V,2016,45.86,28768,62724
Veracruz de Ignacio de la Llave,VI,2016,56.17,24758,44078
Veracruz de Ignacio de la Llave,VII,2016,62.83,29311,46650
Veracruz de Ignacio de la Llave,VIII,2016,77.03,39360,51094
Veracruz de Ignacio de la Llave,IX,2016,71.35,37099,51997
Veracruz de Ignacio de la Llave,X,2016,95.2,44340,46575
Yucatán,Total,2010,71.67,98578,137547
Yucatán,I ,2010,55.94,14805,26464
Yucatán,II ,2010,71.59,11751,16415
Yucatán,III,2010,76.05,13048,17157
Yucatán,IV,2010,57.5,5820,10121
Yucatán,V,2010,75.28,10727,14250
Yucatán,VI,2010,63.69,9000,14130
Yucatán,VII,2010,75.83,10781,14218
Yucatán,VIII,2010,90.21,9400,10420
Yucatán,IX,2010,90.43,7123,7877
Yucatán,X,2010,94.27,6123,6495
Yucatán,Total,2012,52.23,108754,208226
Yucatán,I ,2012,42.87,15649,36500
Yucatán,II ,2012,42.94,13275,30915
Yucatán,III,2012,39.26,9680,24659
Yucatán,IV,2012,33.27,6794,20418
Yucatán,V,2012,45.48,8775,19296
Yucatán,VI,2012,70.34,10176,14467
Yucatán,VII,2012,90.2,15073,16710
Yucatán,VIII,2012,54.9,14308,26060
Yucatán,IX,2012,74.21,9367,12623
Yucatán,X,2012,86,5657,6578
Yucatán,Total,2014,62.47,140394,224749
Yucatán,I ,2014,43.82,12308,28090
Yucatán,II ,2014,29.75,10980,36909
Yucatán,III,2014,66.35,14660,22095
Yucatán,IV,2014,65.77,15210,23127
Yucatán,V,2014,75.87,18205,23995
Yucatán,VI,2014,69.96,19925,28479
Yucatán,VII,2014,58.91,9796,16630
Yucatán,VIII,2014,61.84,6576,10634
Yucatán,IX,2014,100,20351,20351
Yucatán,X,2014,85.76,12383,14439
Yucatán,Total,2016,60.64,108103,178257
Yucatán,I ,2016,44.34,15757,35535
Yucatán,II ,2016,52.04,12255,23547
Yucatán,III,2016,56.16,10407,18532
Yucatán,IV,2016,66.88,13175,19698
Yucatán,V,2016,61.63,10122,16423
Yucatán,VI,2016,55.26,9224,16693
Yucatán,VII,2016,62.74,8925,14225
Yucatán,VIII,2016,77.08,10020,13000
Yucatán,IX,2016,81.94,7815,9537
Yucatán,X,2016,94,10403,11067
Zacatecas,Total,2010,52.34,44413,84847
Zacatecas,I ,2010,SD,0,6239
Zacatecas,II ,2010,41.58,6279,15101
Zacatecas,III,2010,18.41,808,4390
Zacatecas,IV,2010,17.96,1703,9480
Zacatecas,V,2010,91.59,10479,11441
Zacatecas,VI,2010,35.67,2762,7744
Zacatecas,VII,2010,91.07,5508,6048
Zacatecas,VIII,2010,52.46,4941,9419
Zacatecas,IX,2010,69.45,6644,9566
Zacatecas,X,2010,97.6,5289,5419
Zacatecas,Total,2012,47.33,61007,128884
Zacatecas,I ,2012,17.28,3815,22081
Zacatecas,II ,2012,57.37,10271,17903
Zacatecas,III,2012,15.41,3015,19569
Zacatecas,IV,2012,31.6,4796,15175
Zacatecas,V,2012,46.33,3411,7362
Zacatecas,VI,2012,81.82,16847,20590
Zacatecas,VII,2012,52.83,4467,8456
Zacatecas,VIII,2012,SD,0,0
Zacatecas,IX,2012,75.49,5804,7688
Zacatecas,X,2012,85.3,8581,10060
Zacatecas,Total,2014,39.21,66721,170147
Zacatecas,I ,2014,28.87,8266,28635
Zacatecas,II ,2014,28.39,6768,23838
Zacatecas,III,2014,38.62,8670,22451
Zacatecas,IV,2014,41.77,6650,15920
Zacatecas,V,2014,40.5,9058,22368
Zacatecas,VI,2014,46.43,8920,19211
Zacatecas,VII,2014,26.86,3049,11351
Zacatecas,VIII,2014,41.87,6078,14516
Zacatecas,IX,2014,87.94,4997,5682
Zacatecas,X,2014,69.07,4265,6175
Zacatecas,Total,2016,44.92,65258,145274
Zacatecas,I ,2016,22.01,6068,27571
Zacatecas,II ,2016,37.43,8328,22248
Zacatecas,III,2016,39.71,5702,14360
Zacatecas,IV,2016,44.11,6851,15531
Zacatecas,V,2016,55.14,7305,13249
Zacatecas,VI,2016,46.07,5779,12544
Zacatecas,VII,2016,55.57,6209,11173
Zacatecas,VIII,2016,64.82,6245,9634
Zacatecas,IX,2016,58.83,5234,8897
Zacatecas,X,2016,74.87,7537,10067
